"Ips for debugging only",
"192.168.56.1",
"192.168.33.1",
"192.168.33.10",
"62.219.121.253",
"82.80.22.138",
"127.0.0.1",
"localhost",
"SendBox Ips",
"10.10.10.50",
"10.10.10.150",
"10.10.10.52",
"10.10.10.55",
"10.10.10.155",
"209.128.93.232",
"62.216.234.196",
"38.99.111.50",
"38.99.111.150",
"Production Ips",
"31.168.69.172",
"62.219.121.253",
"209.128.93.248",
"72.20.107.242",
"209.128.93.229",
"209.128.93.98",
"209.128.93.230",
"209.128.93.245",
"209.128.93.104",
"209.128.93.105",
"209.128.93.107",
"209.128.93.108",
"209.128.93.242",
"209.128.93.243",
"209.128.93.254",
"62.216.234.216",
"62.216.234.218",
"62.216.234.219",
"62.216.234.220",
"209.128.104.18",
"209.128.104.19",
"209.128.104.20",
"209.128.104.21",
"209.128.104.22",
"209.128.104.23",
"209.128.104.24",
"209.128.104.25",
"209.128.104.26",
"209.128.104.27",
"209.128.104.28",
"209.128.104.29",
"209.128.104.30",
"209.128.104.31",
"209.128.104.32",
"209.128.104.33",
"209.128.104.34",
"209.128.104.35",
"209.128.104.36",
"209.128.104.37",
"99.186.243.9",
"99.186.243.10",
"99.186.243.11",
"99.186.243.12",
"99.186.243.13",
"99.180.227.233",
"99.180.227.234",
"99.180.227.235",
"99.180.227.236",
"99.180.227.237",
"38.99.111.1",
"38.99.111.2",
"38.99.111.3",
"38.99.111.4",
"38.99.111.5",
"38.99.111.6",
"38.99.111.7",
"38.99.111.8",
"38.99.111.9",
"38.99.111.10",
"38.99.111.11",
"38.99.111.12",
"38.99.111.13",
"38.99.111.14",
"38.99.111.15",
"38.99.111.16",
"38.99.111.17",
"38.99.111.18",
"38.99.111.19",
"38.99.111.20",
"38.99.111.21",
"38.99.111.22",
"38.99.111.23",
"38.99.111.24",
"38.99.111.25",
"38.99.111.26",
"38.99.111.27",
"38.99.111.28",
"38.99.111.29",
"38.99.111.30",
"38.99.111.31",
"38.99.111.32",
"38.99.111.33",
"38.99.111.34",
"38.99.111.35",
"38.99.111.36",
"38.99.111.37",
"38.99.111.38",
"38.99.111.39",
"38.99.111.40",
"38.99.111.41",
"38.99.111.42",
"38.99.111.43",
"38.99.111.44",
"38.99.111.45",
"38.99.111.46",
"38.99.111.47",
"38.99.111.48",
"38.99.111.49",
"38.99.111.50",
"38.99.111.51",
"38.99.111.52",
"38.99.111.53",
"38.99.111.54",
"38.99.111.55",
"38.99.111.56",
"38.99.111.57",
"38.99.111.58",
"38.99.111.59",
"38.99.111.60",
"38.99.111.61",
"38.99.111.62",
"38.99.111.63",
"38.99.111.64",
"38.99.111.65",
"38.99.111.66",
"38.99.111.67",
"38.99.111.68",
"38.99.111.69",
"38.99.111.70",
"38.99.111.71",
"38.99.111.72",
"38.99.111.73",
"38.99.111.74",
"38.99.111.75",
"38.99.111.76",
"38.99.111.77",
"38.99.111.78",
"38.99.111.79",
"38.99.111.80",
"38.99.111.81",
"38.99.111.82",
"38.99.111.83",
"38.99.111.84",
"38.99.111.85",
"38.99.111.86",
"38.99.111.87",
"38.99.111.88",
"38.99.111.89",
"38.99.111.90",
"38.99.111.91",
"38.99.111.92",
"38.99.111.93",
"38.99.111.94",
"38.99.111.95",
"38.99.111.96",
"38.99.111.97",
"38.99.111.98",
"38.99.111.99",
"38.99.111.100",
"38.99.111.101",
"38.99.111.102",
"38.99.111.103",
"38.99.111.104",
"38.99.111.105",
"38.99.111.106",
"38.99.111.107",
"38.99.111.108",
"38.99.111.109",
"38.99.111.110",
"38.99.111.111",
"38.99.111.112",
"38.99.111.113",
"38.99.111.114",
"38.99.111.115",
"38.99.111.116",
"38.99.111.117",
"38.99.111.118",
"38.99.111.119",
"38.99.111.120",
"38.99.111.121",
"38.99.111.122",
"38.99.111.123",
"38.99.111.124",
"38.99.111.125",
"38.99.111.126",
"38.99.111.127",
"38.99.111.128",
"38.99.111.129",
"38.99.111.130",
"38.99.111.131",
"38.99.111.132",
"38.99.111.133",
"38.99.111.134",
"38.99.111.135",
"38.99.111.136",
"38.99.111.137",
"38.99.111.138",
"38.99.111.139",
"38.99.111.140",
"38.99.111.141",
"38.99.111.142",
"38.99.111.143",
"38.99.111.144",
"38.99.111.145",
"38.99.111.146",
"38.99.111.147",
"38.99.111.148",
"38.99.111.149",
"38.99.111.150",
"38.99.111.151",
"38.99.111.152",
"38.99.111.153",
"38.99.111.154",
"38.99.111.155",
"38.99.111.156",
"38.99.111.157",
"38.99.111.158",
"38.99.111.159",
"38.99.111.160",
"38.99.111.161",
"38.99.111.162",
"38.99.111.163",
"38.99.111.164",
"38.99.111.165",
"38.99.111.166",
"38.99.111.167",
"38.99.111.168",
"38.99.111.169",
"38.99.111.170",
"38.99.111.171",
"38.99.111.172",
"38.99.111.173",
"38.99.111.174",
"38.99.111.175",
"38.99.111.176",
"38.99.111.177",
"38.99.111.178",
"38.99.111.179",
"38.99.111.180",
"38.99.111.181",
"38.99.111.182",
"38.99.111.183",
"38.99.111.184",
"38.99.111.185",
"38.99.111.186",
"38.99.111.187",
"38.99.111.188",
"38.99.111.189",
"38.99.111.190",
"38.99.111.191",
"38.99.111.192",
"38.99.111.193",
"38.99.111.194",
"38.99.111.195",
"38.99.111.196",
"38.99.111.197",
"38.99.111.198",
"38.99.111.199",
"38.99.111.200",
"38.99.111.201",
"38.99.111.202",
"38.99.111.203",
"38.99.111.204",
"38.99.111.205",
"38.99.111.206",
"38.99.111.207",
"38.99.111.208",
"38.99.111.209",
"38.99.111.210",
"38.99.111.211",
"38.99.111.212",
"38.99.111.213",
"38.99.111.214",
"38.99.111.215",
"38.99.111.216",
"38.99.111.217",
"38.99.111.218",
"38.99.111.219",
"38.99.111.220",
"38.99.111.221",
"38.99.111.222",
"38.99.111.223",
"38.99.111.224",
"38.99.111.225",
"38.99.111.226",
"38.99.111.227",
"38.99.111.228",
"38.99.111.229",
"38.99.111.230",
"38.99.111.231",
"38.99.111.232",
"38.99.111.233",
"38.99.111.234",
"38.99.111.235",
"38.99.111.236",
"38.99.111.237",
"38.99.111.238",
"38.99.111.239",
"38.99.111.240",
"38.99.111.241",
"38.99.111.242",
"38.99.111.243",
"38.99.111.244",
"38.99.111.245",
"38.99.111.246",
"38.99.111.247",
"38.99.111.248",
"38.99.111.249",
"38.99.111.250",
"38.99.111.251",
"38.99.111.252",
"38.99.111.253",
"38.99.111.254",
"38.99.111.255",